t	v
0.0	J30
4.0	J30
8.0	J30
12.0	J30
16.0	J30
20.0	J30
24.0	J30
28.0	J30
32.0	J30
36.0	J30
40.0	J30
44.0	J30
48.0	J30
52.0	J30
56.0	J30
60.0	J30
64.0	J30
68.0	J30
72.0	J30
76.0	J30
80.0	J30
84.0	J30
88.0	J30
92.0	J30
96.0	J30
100.0	J30
104.0	J30
108.0	J30
112.0	J30
116.0	J30
120.0	J30
124.0	J30
128.0	J30
132.0	J30
136.0	J30
140.0	J30
144.0	J30
148.0	J30
152.0	J30
156.0	J30
160.0	J30
164.0	J30
168.0	J30
172.0	J30
176.0	J30
180.0	J30
184.0	J30
188.0	J30
192.0	J30
196.0	J30
200.0	J30
204.0	J30
208.0	J30
212.0	J30
216.0	J30
220.0	J30
224.0	J30
228.0	J30
232.0	J30
236.0	J30
240.0	J30
244.0	J30
248.0	J30
252.0	J30
256.0	J30
260.0	J30
264.0	J30
268.0	J30
272.0	J30
276.0	J30
280.0	J30
284.0	J30
288.0	J30
292.0	J30
296.0	J30
300.0	J30
304.0	J30
308.0	J30
312.0	J30
316.0	J30
320.0	J30
324.0	J30
328.0	J30
332.0	J30
336.0	J30
340.0	J30
344.0	J30
348.0	J30
352.0	J30
356.0	J30
360.0	J30
364.0	J30
368.0	J30
372.0	J30
376.0	J30
380.0	J30
384.0	J30
388.0	J30
392.0	J30
396.0	J30
400.0	J30
404.0	J30
408.0	J30
412.0	J30
416.0	J30
420.0	J30
424.0	J30
428.0	J30
432.0	J30
436.0	J30
440.0	J30
444.0	J30
448.0	J30
452.0	J30
456.0	J30
460.0	J30
464.0	J30
468.0	J30
472.0	J30
476.0	J30
480.0	J30
484.0	J30
488.0	J30
492.0	J30
496.0	J30
500.0	J30
504.0	J30
508.0	J30
512.0	J30
516.0	J30
520.0	J30
524.0	J30
528.0	J30
532.0	J30
536.0	J30
540.0	J30
544.0	J30
548.0	J30
552.0	J30
556.0	J30
560.0	J30
564.0	J30
568.0	J30
572.0	J30
576.0	J30
580.0	J30
584.0	J30
588.0	J30
592.0	J30
596.0	J30
600.0	J30
604.0	J30
608.0	J30
612.0	J30
616.0	J30
620.0	J30
624.0	J30
628.0	J30
632.0	J30
636.0	J30
640.0	J30
644.0	J30
648.0	J30
652.0	J30
656.0	J30
660.0	J30
664.0	J30
668.0	J30
672.0	J30
676.0	J30
680.0	J30
684.0	J30
688.0	J30
692.0	J30
696.0	J30
700.0	J30
704.0	J30
708.0	J30
712.0	J30
716.0	J30
720.0	J30
724.0	J30
728.0	J30
732.0	J30
736.0	J30
740.0	J30
744.0	J30
748.0	J30
752.0	J30
756.0	J30
760.0	J30
764.0	J30
768.0	J30
772.0	J30
776.0	J30
780.0	J30
784.0	J30
788.0	J30
792.0	J30
796.0	J30
800.0	J30
804.0	J30
808.0	J30
812.0	J30
816.0	J30
820.0	J30
824.0	J30
828.0	J30
832.0	J30
836.0	J30
840.0	J30
844.0	J30
848.0	J30
852.0	J30
856.0	J30
860.0	J30
864.0	J30
868.0	J30
872.0	J30
876.0	J30
880.0	J30
884.0	J30
888.0	J30
892.0	J30
896.0	J30
900.0	J30
904.0	J30
908.0	J30
912.0	J30
916.0	J30
920.0	J30
924.0	J30
928.0	J30
932.0	J30
936.0	J30
940.0	J30
944.0	J30
948.0	J30
952.0	J30
956.0	J30
960.0	J30
964.0	J30
968.0	J30
972.0	J30
976.0	J30
980.0	J30
984.0	J30
988.0	J30
992.0	J30
996.0	J30
1000.0	J30
1004.0	J30
1008.0	J30
1012.0	J30
1016.0	J30
1020.0	J30
1024.0	J30
1028.0	J30
1032.0	J30
1036.0	J30
1040.0	J30
1044.0	J30
1048.0	J30
1052.0	J30
1056.0	J30
1060.0	J30
1064.0	J30
1068.0	J30
1072.0	J30
1076.0	J30
1080.0	J30
1084.0	J30
1088.0	J30
1092.0	J30
1096.0	J30
1100.0	J30
1104.0	J30
1108.0	J30
1112.0	J30
1116.0	J30
1120.0	J30
1124.0	J30
1128.0	J30
1132.0	J30
1136.0	J30
1140.0	J30
1144.0	J30
1148.0	J30
1152.0	J30
1156.0	J30
1160.0	J30
1164.0	J30
1168.0	J30
1172.0	J30
1176.0	J30
1180.0	J30
1184.0	J30
1188.0	J30
1192.0	J30
1196.0	J30
1200.0	J30
1204.0	J30
1208.0	J30
1212.0	J30
1216.0	J30
1220.0	J30
1224.0	J30
1228.0	J30
1232.0	J30
1236.0	J30
1240.0	J30
1244.0	J30
1248.0	J30
1252.0	J30
1256.0	J30
1260.0	J30
1264.0	J30
1268.0	J30
1272.0	J30
1276.0	J30
1280.0	J30
1284.0	J30
1288.0	J30
1292.0	J30
1296.0	J30
1300.0	J30
1304.0	J30
1308.0	J30
1312.0	J30
1316.0	J30
1320.0	J30
1324.0	J30
1328.0	J30
1332.0	J30
1336.0	J30
1340.0	J30
1344.0	J30
1348.0	J30
1352.0	J30
1356.0	J30
1360.0	J30
1364.0	J30
1368.0	J30
1372.0	J30
1376.0	J30
1380.0	J30
1384.0	J30
1388.0	J30
1392.0	J30
1396.0	J30
1400.0	J30
1404.0	J30
1408.0	J30
1412.0	J30
1416.0	J30
1420.0	J30
1424.0	J30
1428.0	J30
1432.0	J30
1436.0	J30
1440.0	J30
1444.0	J30
1448.0	J30
1452.0	J30
1456.0	J30
1460.0	J30
1464.0	J30
1468.0	J30
1472.0	J30
1476.0	J30
1480.0	J30
1484.0	J30
1488.0	J30
1492.0	J30
1496.0	J30
1500.0	J30
1504.0	J30
1508.0	J30
1512.0	J30
1516.0	J30
1520.0	J30
1524.0	J30
1528.0	J30
1532.0	J30
1536.0	J30
1540.0	J30
1544.0	J30
1548.0	J30
1552.0	J30
1556.0	J30
1560.0	J30
1564.0	J30
1568.0	J30
1572.0	J30
1576.0	J30
1580.0	J30
1584.0	J30
1588.0	J30
1592.0	J30
1596.0	J30
1600.0	J30
1604.0	J30
1608.0	J30
1612.0	J30
1616.0	J30
1620.0	J30
1624.0	J30
1628.0	J30
1632.0	J30
1636.0	J30
1640.0	J30
1644.0	J30
1648.0	J30
1652.0	J30
1656.0	J30
1660.0	J30
1664.0	J30
1668.0	J30
1672.0	J30
1676.0	J30
1680.0	J30
1684.0	J30
1688.0	J30
1692.0	J30
1696.0	J30
1700.0	J30
1704.0	J30
1708.0	J30
1712.0	J30
1716.0	J30
1720.0	J30
1724.0	J30
1728.0	J30
1732.0	J30
1736.0	J30
1740.0	J30
1744.0	J30
1748.0	J30
1752.0	J30
1756.0	J30
1760.0	J30
1764.0	J30
1768.0	J30
1772.0	J30
1776.0	J30
1780.0	J30
1784.0	J30
1788.0	J30
1792.0	J30
1796.0	J30
1800.0	J30
1804.0	J30
1808.0	J30
1812.0	J30
1816.0	J30
1820.0	J30
1824.0	J30
1828.0	J30
1832.0	J30
1836.0	J30
1840.0	J30
1844.0	J30
1848.0	J30
1852.0	J30
1856.0	J30
1860.0	J30
1864.0	J30
1868.0	J30
1872.0	J30
1876.0	J30
1880.0	J30
1884.0	J30
1888.0	J30
1892.0	J30
1896.0	J30
1900.0	J30
1904.0	J30
1908.0	J30
1912.0	J30
1916.0	J30
1920.0	J30
1924.0	J30
1928.0	J30
1932.0	J30
1936.0	J30
1940.0	J30
1944.0	J30
1948.0	J30
1952.0	J30
1956.0	J30
1960.0	J30
1964.0	J30
1968.0	J30
1972.0	J30
1976.0	J30
1980.0	J30
1984.0	J30
1988.0	J30
1992.0	J30
1996.0	J30
2000.0	J30
2004.0	J30
2008.0	J30
2012.0	J30
2016.0	J30
2020.0	J30
2024.0	J30
2028.0	J30
2032.0	J30
2036.0	J30
2040.0	J30
2044.0	J30
2048.0	J30
2052.0	J30
2056.0	J30
2060.0	J30
2064.0	J30
2068.0	J30
2072.0	J30
2076.0	J30
2080.0	J30
2084.0	J30
2088.0	J30
2092.0	J30
2096.0	J30
2100.0	J30
2104.0	J30
2108.0	J30
2112.0	J30
2116.0	J30
2120.0	J30
2124.0	J30
2128.0	J30
2132.0	J30
2136.0	J30
2140.0	J30
2144.0	J30
2148.0	J30
2152.0	J30
2156.0	J30
2160.0	J30
2164.0	J30
2168.0	J30
2172.0	J30
2176.0	J30
2180.0	J30
2184.0	J30
2188.0	J30
2192.0	J30
2196.0	J30
2200.0	J30
2204.0	J30
2208.0	J30
2212.0	J30
2216.0	J30
2220.0	J30
2224.0	J30
2228.0	J30
2232.0	J30
2236.0	J30
2240.0	J30
2244.0	J30
2248.0	J30
2252.0	J30
2256.0	J30
2260.0	J30
2264.0	J30
2268.0	J30
2272.0	J30
2276.0	J30
2280.0	J30
2284.0	J30
2288.0	J30
2292.0	J30
2296.0	J30
2300.0	J30
2304.0	J30
2308.0	J30
2312.0	J30
2316.0	J30
2320.0	J30
2324.0	J30
2328.0	J30
2332.0	J30
2336.0	J30
2340.0	J30
2344.0	J30
2348.0	J30
2352.0	J30
2356.0	J30
2360.0	J30
2364.0	J30
2368.0	J30
2372.0	J30
2376.0	J30
2380.0	J30
2384.0	J30
2388.0	J30
2392.0	J30
2396.0	J30
2400.0	J30
2404.0	J30
2408.0	J30
2412.0	J30
2416.0	J30
2420.0	J30
2424.0	J30
2428.0	J30
2432.0	J30
2436.0	J30
2440.0	J30
2444.0	J30
2448.0	J30
2452.0	J30
2456.0	J30
2460.0	J30
2464.0	J30
2468.0	J30
2472.0	J30
2476.0	J30
2480.0	J30
2484.0	J30
2488.0	J30
2492.0	J30
2496.0	J30
2500.0	J30
2504.0	J30
2508.0	J30
2512.0	J30
2516.0	J30
2520.0	J30
2524.0	J30
2528.0	J30
2532.0	J30
2536.0	J30
2540.0	J30
2544.0	J30
2548.0	J30
2552.0	J30
2556.0	J30
2560.0	J30
2564.0	J30
2568.0	J30
2572.0	J30
2576.0	J30
2580.0	J30
2584.0	J30
2588.0	J30
2592.0	J30
2596.0	J30
2600.0	J30
2604.0	J30
2608.0	J30
2612.0	J30
2616.0	J30
2620.0	J30
2624.0	J30
2628.0	J30
2632.0	J30
2636.0	J30
2640.0	J30
2644.0	J30
2648.0	J30
2652.0	J30
2656.0	J30
2660.0	J30
2664.0	J30
2668.0	J30
2672.0	J30
2676.0	J30
2680.0	J30
2684.0	J30
2688.0	J30
2692.0	J30
2696.0	J30
2700.0	J30
2704.0	J30
2708.0	J30
2712.0	J30
2716.0	J30
2720.0	J30
2724.0	J30
2728.0	J30
2732.0	J30
2736.0	J30
2740.0	J30
2744.0	J30
2748.0	J30
2752.0	J30
2756.0	J30
2760.0	J30
2764.0	J30
2768.0	J30
2772.0	J30
2776.0	J30
2780.0	J30
2784.0	J30
2788.0	J30
2792.0	J30
2796.0	J30
2800.0	J30
2804.0	J30
2808.0	J30
2812.0	J30
2816.0	J30
2820.0	J30
2824.0	J30
2828.0	J30
2832.0	J30
2836.0	J30
2840.0	J30
2844.0	J30
2848.0	J30
2852.0	J30
2856.0	J30
2860.0	J30
2864.0	J30
2868.0	J30
2872.0	J30
2876.0	J30
2880.0	J30
2884.0	J30
2888.0	J30
2892.0	J30
2896.0	J30
2900.0	J30
2904.0	J30
2908.0	J30
2912.0	J30
2916.0	J30
2920.0	J30
2924.0	J30
2928.0	J30
2932.0	J30
2936.0	J30
2940.0	J30
2944.0	J30
2948.0	J30
2952.0	J30
2956.0	J30
2960.0	J30
2964.0	J30
2968.0	J30
2972.0	J30
2976.0	J30
2980.0	J30
2984.0	J30
2988.0	J30
2992.0	J30
2996.0	J30
3000.0	J30
3004.0	J30
3008.0	J30
3012.0	J30
3016.0	J30
3020.0	J30
3024.0	J30
3028.0	J30
3032.0	J30
3036.0	J30
3040.0	J30
3044.0	J30
3048.0	J30
3052.0	J30
3056.0	J30
3060.0	J30
3064.0	J30
3068.0	J30
3072.0	J30
3076.0	J30
3080.0	J30
3084.0	J30
3088.0	J30
3092.0	J30
3096.0	J30
3100.0	J30
3104.0	J30
3108.0	J30
3112.0	J30
3116.0	J30
3120.0	J30
3124.0	J30
3128.0	J30
3132.0	J30
3136.0	J30
3140.0	J30
3144.0	J30
3148.0	J30
3152.0	J30
3156.0	J30
3160.0	J30
3164.0	J30
3168.0	J30
3172.0	J30
3176.0	J30
3180.0	J30
3184.0	J30
3188.0	J30
3192.0	J30
3196.0	J30
3200.0	J30
3204.0	J30
3208.0	J30
3212.0	J30
3216.0	J30
3220.0	J30
3224.0	J30
3228.0	J30
3232.0	J30
3236.0	J30
3240.0	J30
3244.0	J30
3248.0	J30
3252.0	J30
3256.0	J30
3260.0	J30
3264.0	J30
3268.0	J30
3272.0	J30
3276.0	J30
3280.0	J30
3284.0	J30
3288.0	J30
3292.0	J30
3296.0	J30
3300.0	J30
3304.0	J30
3308.0	J30
3312.0	J30
3316.0	J30
3320.0	J30
3324.0	J30
3328.0	J30
3332.0	J30
3336.0	J30
3340.0	J30
3344.0	J30
3348.0	J30
3352.0	J30
3356.0	J30
3360.0	J30
3364.0	J30
3368.0	J30
3372.0	J30
3376.0	J30
3380.0	J30
3384.0	J30
3388.0	J30
3392.0	J30
3396.0	J30
3400.0	J30
3404.0	J30
3408.0	J30
3412.0	J30
3416.0	J30
3420.0	J30
3424.0	J30
3428.0	J30
3432.0	J30
3436.0	J30
3440.0	J30
3444.0	J30
3448.0	J30
3452.0	J30
3456.0	J30
3460.0	J30
3464.0	J30
3468.0	J30
3472.0	J30
3476.0	J30
3480.0	J30
3484.0	J30
3488.0	J30
3492.0	J30
3496.0	J30
3500.0	J30
3504.0	J30
3508.0	J30
3512.0	J30
3516.0	J30
3520.0	J30
3524.0	J30
3528.0	J30
3532.0	J30
3536.0	J30
3540.0	J30
3544.0	J30
3548.0	J30
3552.0	J30
3556.0	J30
3560.0	J30
3564.0	J30
3568.0	J30
3572.0	J30
3576.0	J30
3580.0	J30
3584.0	J30
3588.0	J30
3592.0	J30
3596.0	J30
3600.0	J30
3604.0	J30
3608.0	J30
3612.0	J30
3616.0	J30
3620.0	J30
3624.0	J30
3628.0	J30
3632.0	J30
3636.0	J30
3640.0	J30
3644.0	J30
3648.0	J30
3652.0	J30
3656.0	J30
3660.0	J30
3664.0	J30
3668.0	J30
3672.0	J30
3676.0	J30
3680.0	J30
3684.0	J30
3688.0	J30
3692.0	J30
3696.0	J30
3700.0	J30
3704.0	J30
3708.0	J30
3712.0	J30
3716.0	J30
3720.0	J30
3724.0	J30
3728.0	J30
3732.0	J30
3736.0	J30
3740.0	J30
3744.0	J30
3748.0	J30
3752.0	J30
3756.0	J30
3760.0	J30
3764.0	J30
3768.0	J30
3772.0	J30
3776.0	J30
3780.0	J30
3784.0	J30
3788.0	J30
3792.0	J30
3796.0	J30
3800.0	J30
3804.0	J30
3808.0	J30
3812.0	J30
3816.0	J30
3820.0	J30
3824.0	J30
3828.0	J30
3832.0	J30
3836.0	J30
3840.0	J30
3844.0	J30
3848.0	J30
3852.0	J30
3856.0	J30
3860.0	J30
3864.0	J30
3868.0	J30
3872.0	J30
3876.0	J30
3880.0	J30
3884.0	J30
3888.0	J30
3892.0	J30
3896.0	J30
3900.0	J30
3904.0	J30
3908.0	J30
3912.0	J30
3916.0	J30
3920.0	J30
3924.0	J30
3928.0	J30
3932.0	J30
3936.0	J30
3940.0	J30
3944.0	J30
3948.0	J30
3952.0	J30
3956.0	J30
3960.0	J30
3964.0	J30
3968.0	J30
3972.0	J30
3976.0	J30
3980.0	J30
3984.0	J30
3988.0	J30
3992.0	J30
3996.0	J30
4000.0	J30
4004.0	J30
4008.0	J30
4012.0	J30
4016.0	J30
4020.0	J30
4024.0	J30
4028.0	J30
4032.0	J30
4036.0	J30
4040.0	J30
4044.0	J30
4048.0	J30
4052.0	J30
4056.0	J30
4060.0	J30
4064.0	J30
4068.0	J30
4072.0	J30
4076.0	J30
4080.0	J30
4084.0	J30
4088.0	J30
4092.0	J30
4096.0	J30
4100.0	J30
4104.0	J30
4108.0	J30
4112.0	J30
4116.0	J30
4120.0	J30
4124.0	J30
4128.0	J30
4132.0	J30
4136.0	J30
4140.0	J30
4144.0	J30
4148.0	J30
4152.0	J30
4156.0	J30
4160.0	J30
4164.0	J30
4168.0	J30
4172.0	J30
4176.0	J30
4180.0	J30
4184.0	J30
4188.0	J30
4192.0	J30
4196.0	J30
4200.0	J30
4204.0	J30
4208.0	J30
4212.0	J30
4216.0	J30
4220.0	J30
4224.0	J30
4228.0	J30
4232.0	J30
4236.0	J30
4240.0	J30
4244.0	J30
4248.0	J30
4252.0	J30
4256.0	J30
4260.0	J30
4264.0	J30
4268.0	J30
4272.0	J30
4276.0	J30
4280.0	J30
4284.0	J30
4288.0	J30
4292.0	J30
4296.0	J30
4300.0	J30
4304.0	J30
4308.0	J30
4312.0	J30
4316.0	J30
4320.0	J30
4324.0	J30
4328.0	J30
4332.0	J30
4336.0	J30
4340.0	J30
4344.0	J30
4348.0	J30
4352.0	J30
4356.0	J30
4360.0	J30
4364.0	J30
4368.0	J30
4372.0	J30
4376.0	J30
4380.0	J30
4384.0	J30
4388.0	J30
4392.0	J30
4396.0	J30
4400.0	J30
4404.0	J30
4408.0	J30
4412.0	J30
4416.0	J30
4420.0	J30
4424.0	J30
4428.0	J30
4432.0	J30
4436.0	J30
4440.0	J30
4444.0	J30
4448.0	J30
4452.0	J30
4456.0	J30
4460.0	J30
4464.0	J30
4468.0	J30
4472.0	J30
4476.0	J30
4480.0	J30
4484.0	J30
4488.0	J30
4492.0	J30
4496.0	J30
4500.0	J30
4504.0	J30
4508.0	J30
4512.0	J30
4516.0	J30
4520.0	J30
4524.0	J30
4528.0	J30
4532.0	J30
4536.0	J30
4540.0	J30
4544.0	J30
4548.0	J30
4552.0	J30
4556.0	J30
4560.0	J30
4564.0	J30
4568.0	J30
4572.0	J30
4576.0	J30
4580.0	J30
4584.0	J30
4588.0	J30
4592.0	J30
4596.0	J30
4600.0	J30
4604.0	J30
4608.0	J30
4612.0	J30
4616.0	J30
4620.0	J30
4624.0	J30
4628.0	J30
4632.0	J30
4636.0	J30
4640.0	J30
4644.0	J30
4648.0	J30
4652.0	J30
4656.0	J30
4660.0	J30
4664.0	J30
4668.0	J30
4672.0	J30
4676.0	J30
4680.0	J30
4684.0	J30
4688.0	J30
4692.0	J30
4696.0	J30
4700.0	J30
4704.0	J30
4708.0	J30
4712.0	J30
4716.0	J30
4720.0	J30
4724.0	J30
4728.0	J30
4732.0	J30
4736.0	J30
4740.0	J30
4744.0	J30
4748.0	J30
4752.0	J30
4756.0	J30
4760.0	J30
4764.0	J30
4768.0	J30
4772.0	J30
4776.0	J30
4780.0	J30
4784.0	J30
4788.0	J30
4792.0	J30
4796.0	J30
4800.0	J30
4804.0	J30
4808.0	J30
4812.0	J30
4816.0	J30
4820.0	J30
4824.0	J30
4828.0	J30
4832.0	J30
4836.0	J30
4840.0	J30
4844.0	J30
4848.0	J30
4852.0	J30
4856.0	J30
4860.0	J30
4864.0	J30
4868.0	J30
4872.0	J30
4876.0	J30
4880.0	J30
4884.0	J30
4888.0	J30
4892.0	J30
4896.0	J30
4900.0	J30
4904.0	J30
4908.0	J30
4912.0	J30
4916.0	J30
4920.0	J30
4924.0	J30
4928.0	J30
4932.0	J30
4936.0	J30
4940.0	J30
4944.0	J30
4948.0	J30
4952.0	J30
4956.0	J30
4960.0	J30
4964.0	J30
4968.0	J30
4972.0	J30
4976.0	J30
4980.0	J30
4984.0	J30
4988.0	J30
4992.0	J30
4996.0	J30
5000.0	J30
5004.0	J30
5008.0	J30
5012.0	J30
5016.0	J30
5020.0	J30
5024.0	J30
5028.0	J30
5032.0	J30
5036.0	J30
5040.0	J30
5044.0	J30
5048.0	J30
5052.0	J30
5056.0	J30
5060.0	J30
5064.0	J30
5068.0	J30
5072.0	J30
5076.0	J30
5080.0	J30
5084.0	J30
5088.0	J30
5092.0	J30
5096.0	J30
5100.0	J30
5104.0	J30
5108.0	J30
5112.0	J30
5116.0	J30
5120.0	J30
5124.0	J30
5128.0	J30
5132.0	J30
5136.0	J30
5140.0	J30
5144.0	J30
5148.0	J30
5152.0	J30
5156.0	J30
5160.0	J30
5164.0	J30
5168.0	J30
5172.0	J30
5176.0	J30
5180.0	J30
5184.0	J30
5188.0	J30
5192.0	J30
5196.0	J30
5200.0	J30
5204.0	J30
5208.0	J30
5212.0	J30
5216.0	J30
5220.0	J30
5224.0	J30
5228.0	J30
5232.0	J30
5236.0	J30
5240.0	J30
5244.0	J30
5248.0	J30
5252.0	J30
5256.0	J30
5260.0	J30
5264.0	J30
5268.0	J30
5272.0	J30
5276.0	J30
5280.0	J30
5284.0	J30
5288.0	J30
5292.0	J30
5296.0	J30
5300.0	J30
5304.0	J30
5308.0	J30
5312.0	J30
5316.0	J30
5320.0	J30
5324.0	J30
5328.0	J30
5332.0	J30
5336.0	J30
5340.0	J30
5344.0	J30
5348.0	J30
5352.0	J30
5356.0	J30
5360.0	J30
5364.0	J30
5368.0	J30
5372.0	J30
5376.0	J30
5380.0	J30
5384.0	J30
5388.0	J30
5392.0	J30
5396.0	J30
5400.0	J30
5404.0	J30
5408.0	J30
5412.0	J30
5416.0	J30
5420.0	J30
5424.0	J30
5428.0	J30
5432.0	J30
5436.0	J30
5440.0	J30
5444.0	J30
5448.0	J30
5452.0	J30
5456.0	J30
5460.0	J30
5464.0	J30
5468.0	J30
5472.0	J30
5476.0	J30
5480.0	J30
5484.0	J30
5488.0	J30
5492.0	J30
5496.0	J30
5500.0	J30
5504.0	J30
5508.0	J30
5512.0	J30
5516.0	J30
5520.0	J30
5524.0	J30
5528.0	J30
5532.0	J30
5536.0	J30
5540.0	J30
5544.0	J30
5548.0	J30
5552.0	J30
5556.0	J30
5560.0	J30
5564.0	J30
5568.0	J30
5572.0	J30
5576.0	J30
5580.0	J30
5584.0	J30
5588.0	J30
5592.0	J30
5596.0	J30
5600.0	J30
5604.0	J30
5608.0	J30
5612.0	J30
5616.0	J30
5620.0	J30
5624.0	J30
5628.0	J30
5632.0	J30
5636.0	J30
5640.0	J30
5644.0	J30
5648.0	J30
5652.0	J30
5656.0	J30
5660.0	J30
5664.0	J30
5668.0	J30
5672.0	J30
5676.0	J30
5680.0	J30
5684.0	J30
5688.0	J30
5692.0	J30
5696.0	J30
5700.0	J30
5704.0	J30
5708.0	J30
5712.0	J30
5716.0	J30
5720.0	J30
5724.0	J30
5728.0	J30
5732.0	J30
5736.0	J30
5740.0	J30
5744.0	J30
5748.0	J30
5752.0	J30
5756.0	J30
5760.0	J30
5764.0	J30
5768.0	J30
5772.0	J30
5776.0	J30
5780.0	J30
5784.0	J30
5788.0	J30
5792.0	J30
5796.0	J30
5800.0	J30
5804.0	J30
5808.0	J30
5812.0	J30
5816.0	J30
5820.0	J30
5824.0	J30
5828.0	J30
5832.0	J30
5836.0	J30
5840.0	J30
5844.0	J30
5848.0	J30
5852.0	J30
5856.0	J30
5860.0	J30
5864.0	J30
5868.0	J30
5872.0	J30
5876.0	J30
5880.0	J30
5884.0	J30
5888.0	J30
5892.0	J30
5896.0	J30
5900.0	J30
5904.0	J30
5908.0	J30
5912.0	J30
5916.0	J30
5920.0	J30
5924.0	J30
5928.0	J30
5932.0	J30
5936.0	J30
5940.0	J30
5944.0	J30
5948.0	J30
5952.0	J30
5956.0	J30
5960.0	J30
5964.0	J30
5968.0	J30
5972.0	J30
5976.0	J30
5980.0	J30
5984.0	J30
5988.0	J30
5992.0	J30
5996.0	J30
6000.0	J30
6004.0	J30
6008.0	J30
6012.0	J30
6016.0	J30
6020.0	J30
6024.0	J30
6028.0	J30
6032.0	J30
6036.0	J30
6040.0	J30
6044.0	J30
6048.0	J30
6052.0	J30
6056.0	J30
6060.0	J30
6064.0	J30
6068.0	J30
6072.0	J30
6076.0	J30
6080.0	J30
6084.0	J30
6088.0	J30
6092.0	J30
6096.0	J30
6100.0	J30
6104.0	J30
6108.0	J30
6112.0	J30
6116.0	J30
6120.0	J30
6124.0	J30
6128.0	J30
6132.0	J30
6136.0	J30
6140.0	J30
6144.0	J30
6148.0	J30
6152.0	J30
6156.0	J30
6160.0	J30
6164.0	J30
6168.0	J30
6172.0	J30
6176.0	J30
6180.0	J30
6184.0	J30
6188.0	J30
6192.0	J30
6196.0	J30
6200.0	J30
6204.0	J30
6208.0	J30
6212.0	J30
6216.0	J30
6220.0	J30
6224.0	J30
6228.0	J30
6232.0	J30
6236.0	J30
6240.0	J30
6244.0	J30
6248.0	J30
6252.0	J30
6256.0	J30
6260.0	J30
6264.0	J30
6268.0	J30
6272.0	J30
6276.0	J30
6280.0	J30
6284.0	J30
6288.0	J30
6292.0	J30
6296.0	J30
6300.0	J30
6304.0	J30
6308.0	J30
6312.0	J30
6316.0	J30
6320.0	J30
6324.0	J30
6328.0	J30
6332.0	J30
6336.0	J30
6340.0	J30
6344.0	J30
6348.0	J30
6352.0	J30
6356.0	J30
6360.0	J30
6364.0	J30
6368.0	J30
6372.0	J30
6376.0	J30
6380.0	J30
6384.0	J30
6388.0	J30
6392.0	J30
6396.0	J30
6400.0	J30
6404.0	J30
6408.0	J30
6412.0	J30
6416.0	J30
6420.0	J30
6424.0	J30
6428.0	J30
6432.0	J30
6436.0	J30
6440.0	J30
6444.0	J30
6448.0	J30
6452.0	J30
6456.0	J30
6460.0	J30
6464.0	J30
6468.0	J30
6472.0	J30
6476.0	J30
6480.0	J30
6484.0	J30
6488.0	J30
6492.0	J30
6496.0	J30
6500.0	J30
6504.0	J30
6508.0	J30
6512.0	J30
6516.0	J30
6520.0	J30
6524.0	J30
6528.0	J30
6532.0	J30
6536.0	J30
6540.0	J30
6544.0	J30
6548.0	J30
6552.0	J30
6556.0	J30
6560.0	J30
6564.0	J30
6568.0	J30
6572.0	J30
6576.0	J30
6580.0	J30
6584.0	J30
6588.0	J30
6592.0	J30
6596.0	J30
6600.0	J30
6604.0	J30
6608.0	J30
6612.0	J30
6616.0	J30
6620.0	J30
6624.0	J30
6628.0	J30
6632.0	J30
6636.0	J30
6640.0	J30
6644.0	J30
6648.0	J30
6652.0	J30
6656.0	J30
6660.0	J30
6664.0	J30
6668.0	J30
6672.0	J30
6676.0	J30
6680.0	J30
6684.0	J30
6688.0	J30
6692.0	J30
6696.0	J30
6700.0	J30
6704.0	J30
6708.0	J30
6712.0	J30
6716.0	J30
6720.0	J30
6724.0	J30
6728.0	J30
6732.0	J30
6736.0	J30
6740.0	J30
6744.0	J30
6748.0	J30
6752.0	J30
6756.0	J30
6760.0	J30
6764.0	J30
6768.0	J30
6772.0	J30
6776.0	J30
6780.0	J30
6784.0	J30
6788.0	J30
6792.0	J30
6796.0	J30
6800.0	J30
6804.0	J30
6808.0	J30
6812.0	J30
6816.0	J30
6820.0	J30
6824.0	J30
6828.0	J30
6832.0	J30
6836.0	J30
6840.0	J30
6844.0	J30
6848.0	J30
6852.0	J30
6856.0	J30
6860.0	J30
6864.0	J30
6868.0	J30
6872.0	J30
6876.0	J30
6880.0	J30
6884.0	J30
6888.0	J30
6892.0	J30
6896.0	J30
6900.0	J30
6904.0	J30
6908.0	J30
6912.0	J30
6916.0	J30
6920.0	J30
6924.0	J30
6928.0	J30
6932.0	J30
6936.0	J30
6940.0	J30
6944.0	J30
6948.0	J30
6952.0	J30
6956.0	J30
6960.0	J30
6964.0	J30
6968.0	J30
6972.0	J30
6976.0	J30
6980.0	J30
6984.0	J30
6988.0	J30
6992.0	J30
6996.0	J30
7000.0	J30
7004.0	J30
7008.0	J30
7012.0	J30
7016.0	J30
7020.0	J30
7024.0	J30
7028.0	J30
7032.0	J30
7036.0	J30
7040.0	J30
7044.0	J30
7048.0	J30
7052.0	J30
7056.0	J30
7060.0	J30
7064.0	J30
7068.0	J30
7072.0	J30
7076.0	J30
7080.0	J30
7084.0	J30
7088.0	J30
7092.0	J30
7096.0	J30
7100.0	J30
7104.0	J30
7108.0	J30
7112.0	J30
7116.0	J30
7120.0	J30
7124.0	J30
7128.0	J30
7132.0	J30
7136.0	J30
7140.0	J30
7144.0	J30
7148.0	J30
7152.0	J30
7156.0	J30
7160.0	J30
7164.0	J30
7168.0	J30
7172.0	J30
7176.0	J30
7180.0	J30
7184.0	J30
7188.0	J30
7192.0	J30
7196.0	J30
7200.0	J30
7204.0	J30
7208.0	J30
7212.0	J30
7216.0	J30
7220.0	J30
7224.0	J30
7228.0	J30
7232.0	J30
7236.0	J30
7240.0	J30
7244.0	J30
7248.0	J30
7252.0	J30
7256.0	J30
7260.0	J30
7264.0	J30
7268.0	J30
7272.0	J30
7276.0	J30
7280.0	J30
7284.0	J30
7288.0	J30
7292.0	J30
7296.0	J30
7300.0	J30
7304.0	J30
7308.0	J30
7312.0	J30
7316.0	J30
7320.0	J30
7324.0	J30
7328.0	J30
7332.0	J30
7336.0	J30
7340.0	J30
7344.0	J30
7348.0	J30
7352.0	J30
7356.0	J30
7360.0	J30
7364.0	J30
7368.0	J30
7372.0	J30
7376.0	J30
7380.0	J30
7384.0	J30
7388.0	J30
7392.0	J30
7396.0	J30
7400.0	J30
7404.0	J30
7408.0	J30
7412.0	J30
7416.0	J30
7420.0	J30
7424.0	J30
7428.0	J30
7432.0	J30
7436.0	J30
7440.0	J30
7444.0	J30
7448.0	J30
7452.0	J30
7456.0	J30
7460.0	J30
7464.0	J30
7468.0	J30
7472.0	J30
7476.0	J30
7480.0	J30
7484.0	J30
7488.0	J30
7492.0	J30
7496.0	J30
7500.0	J30
7504.0	J30
7508.0	J30
7512.0	J30
7516.0	J30
7520.0	J30
7524.0	J30
7528.0	J30
7532.0	J30
7536.0	J30
7540.0	J30
7544.0	J30
7548.0	J30
7552.0	J30
7556.0	J30
7560.0	J30
7564.0	J30
7568.0	J30
7572.0	J30
7576.0	J30
7580.0	J30
7584.0	J30
7588.0	J30
7592.0	J30
7596.0	J30
7600.0	J30
7604.0	J30
7608.0	J30
7612.0	J30
7616.0	J30
7620.0	J30
7624.0	J30
7628.0	J30
7632.0	J30
7636.0	J30
7640.0	J30
7644.0	J30
7648.0	J30
7652.0	J30
7656.0	J30
7660.0	J30
7664.0	J30
7668.0	J30
7672.0	J30
7676.0	J30
7680.0	J30
7684.0	J30
7688.0	J30
7692.0	J30
7696.0	J30
7700.0	J30
7704.0	J30
7708.0	J30
7712.0	J30
7716.0	J30
7720.0	J30
7724.0	J30
7728.0	J30
7732.0	J30
7736.0	J30
7740.0	J30
7744.0	J30
7748.0	J30
7752.0	J30
7756.0	J30
7760.0	J30
7764.0	J30
7768.0	J30
7772.0	J30
7776.0	J30
7780.0	J30
7784.0	J30
7788.0	J30
7792.0	J30
7796.0	J30
7800.0	J30
7804.0	J30
7808.0	J30
7812.0	J30
7816.0	J30
7820.0	J30
7824.0	J30
7828.0	J30
7832.0	J30
7836.0	J30
7840.0	J30
7844.0	J30
7848.0	J30
7852.0	J30
7856.0	J30
7860.0	J30
7864.0	J30
7868.0	J30
7872.0	J30
7876.0	J30
7880.0	J30
7884.0	J30
7888.0	J30
7892.0	J30
7896.0	J30
7900.0	J30
7904.0	J30
7908.0	J30
7912.0	J30
7916.0	J30
7920.0	J30
7924.0	J30
7928.0	J30
7932.0	J30
7936.0	J30
7940.0	J30
7944.0	J30
7948.0	J30
7952.0	J30
7956.0	J30
7960.0	J30
7964.0	J30
7968.0	J30
7972.0	J30
7976.0	J30
7980.0	J30
7984.0	J30
7988.0	J30
7992.0	J30
7996.0	J30
8000.0	J30
8004.0	J30
8008.0	J30
8012.0	J30
8016.0	J30
8020.0	J30
8024.0	J30
8028.0	J30
8032.0	J30
8036.0	J30
8040.0	J30
8044.0	J30
8048.0	J30
8052.0	J30
8056.0	J30
8060.0	J30
8064.0	J30
8068.0	J30
8072.0	J30
8076.0	J30
8080.0	J30
8084.0	J30
8088.0	J30
8092.0	J30
8096.0	J30
8100.0	J30
8104.0	J30
8108.0	J30
8112.0	J30
8116.0	J30
8120.0	J30
8124.0	J30
8128.0	J30
8132.0	J30
8136.0	J30
8140.0	J30
8144.0	J30
8148.0	J30
8152.0	J30
8156.0	J30
8160.0	J30
8164.0	J30
8168.0	J30
8172.0	J30
8176.0	J30
8180.0	J30
8184.0	J30
8188.0	J30
8192.0	J30
8196.0	J30
8200.0	J30
8204.0	J30
8208.0	J30
8212.0	J30
8216.0	J30
8220.0	J30
8224.0	J30
8228.0	J30
8232.0	J30
8236.0	J30
8240.0	J30
8244.0	J30
8248.0	J30
8252.0	J30
8256.0	J30
8260.0	J30
8264.0	J30
8268.0	J30
8272.0	J30
8276.0	J30
8280.0	J30
8284.0	J30
8288.0	J30
8292.0	J30
8296.0	J30
8300.0	J30
8304.0	J30
8308.0	J30
8312.0	J30
8316.0	J30
8320.0	J30
8324.0	J30
8328.0	J30
8332.0	J30
8336.0	J30
8340.0	J30
8344.0	J30
8348.0	J30
8352.0	J30
8356.0	J30
8360.0	J30
8364.0	J30
8368.0	J30
8372.0	J30
8376.0	J30
8380.0	J30
8384.0	J30
8388.0	J30
8392.0	J30
8396.0	J30
8400.0	J30
8404.0	J30
8408.0	J30
8412.0	J30
8416.0	J30
8420.0	J30
8424.0	J30
8428.0	J30
8432.0	J30
8436.0	J30
8440.0	J30
8444.0	J30
8448.0	J30
8452.0	J30
8456.0	J30
8460.0	J30
8464.0	J30
8468.0	J30
8472.0	J30
8476.0	J30
8480.0	J30
8484.0	J30
8488.0	J30
8492.0	J30
8496.0	J30
8500.0	J30
8504.0	J30
8508.0	J30
8512.0	J30
8516.0	J30
8520.0	J30
8524.0	J30
8528.0	J30
8532.0	J30
8536.0	J30
8540.0	J30
8544.0	J30
8548.0	J30
8552.0	J30
8556.0	J30
8560.0	J30
8564.0	J30
8568.0	J30
8572.0	J30
8576.0	J30
8580.0	J30
8584.0	J30
8588.0	J30
8592.0	J30
8596.0	J30
8600.0	J30
8604.0	J30
8608.0	J30
8612.0	J30
8616.0	J30
8620.0	J30
8624.0	J30
8628.0	J30
8632.0	J30
8636.0	J30
8640.0	J30
8644.0	J30
8648.0	J30
8652.0	J30
8656.0	J30
8660.0	J30
8664.0	J30
8668.0	J30
8672.0	J30
8676.0	J30
8680.0	J30
8684.0	J30
8688.0	J30
8692.0	J30
8696.0	J30
8700.0	J30
8704.0	J30
8708.0	J30
8712.0	J30
8716.0	J30
8720.0	J30
8724.0	J30
8728.0	J30
8732.0	J30
8736.0	J30
8740.0	J30
8744.0	J30
8748.0	J30
8752.0	J30
8756.0	J30
8760.0	J30
8764.0	J30
8768.0	J30
8772.0	J30
8776.0	J30
8780.0	J30
8784.0	J30
8788.0	J30
8792.0	J30
8796.0	J30
8800.0	J30
8804.0	J30
8808.0	J30
8812.0	J30
8816.0	J30
8820.0	J30
8824.0	J30
8828.0	J30
8832.0	J30
8836.0	J30
8840.0	J30
8844.0	J30
8848.0	J30
8852.0	J30
8856.0	J30
8860.0	J30
8864.0	J30
8868.0	J30
8872.0	J30
8876.0	J30
8880.0	J30
8884.0	J30
8888.0	J30
8892.0	J30
8896.0	J30
8900.0	J30
8904.0	J30
8908.0	J30
8912.0	J30
8916.0	J30
8920.0	J30
8924.0	J30
8928.0	J30
8932.0	J30
8936.0	J30
8940.0	J30
8944.0	J30
8948.0	J30
8952.0	J30
8956.0	J30
8960.0	J30
8964.0	J30
8968.0	J30
8972.0	J30
8976.0	J30
8980.0	J30
8984.0	J30
8988.0	J30
8992.0	J30
8996.0	J30
9000.0	J30
9004.0	J30
9008.0	J30
9012.0	J30
9016.0	J30
9020.0	J30
9024.0	J30
